{
  "Component-dbg.js": 1728058976447,
  "Component.js": 1728058976447,
  "ext/controller/List_sales.controller.js": 1728191883050,
  "manifest.json": 1728533545149,
  "ext/controller/Obj_sales.controller.js": 1728194599993,
  "ext/controller/List_sales-dbg.controller.js": 1728191883050,
  "ext/controller/List_sales.controller.js.map": 1728533545352,
  "i18n/i18n.properties": 1728058976451,
  "Component.js.map": 1728533545347,
  "ext/controller/Obj_sales-dbg.controller.js": 1728194599993,
  "ext/controller/Obj_sales.controller.js.map": 1728533545360,
  "Component-preload.js": 1728533545559,
  "Component-preload.js.map": 1728533545559,
  "index.html": 1728058976447
}